variable,count,mean,std,min,25%,50%,75%,max,original
dummy1,1000.0,0.000379976121778592,0.011643003460521354,-0.0370509982172554,-0.007875492233103675,0.00041850924377945,0.008423557612521549,0.0404316031095715,0.0094827669896355
dummy2,1000.0,-0.0002649935209215759,0.010733180487485701,-0.0321566863635962,-0.00782245474832785,-2.894172732427902e-05,0.0070652812112815995,0.0300370939736958,-0.0107990696526881
x1,1000.0,0.1842716267842526,3.0879061353037374,-8.15334971656333,-1.8799480372436241,0.06516089028903191,2.1398243072775296,28.205819572140243,28.205819572140243
x2,1000.0,0.13926064363353147,7.997922234037944,-24.69482433350307,-4.812113570128673,-0.17736719901488673,5.240923550279019,75.05206021023638,75.05206021023638
x3,1000.0,-0.020840349391069168,1.9108835044369716,-5.2708058024233,-1.2540804501272929,-0.1216495586277508,1.1580171360120837,17.756047318212875,17.756047318212875
